,vocab,valence
0,C,"[(4,)]"
1,N,"[(3,)]"
2,P,"[(5,)]"
3,S,"[(6,), (4,)]"
4,[NH4+],"[(4,)]"
5,[PH4+],"[(4,)]"
6,[SH3+],"[(3,)]"
7,C#C,"[(1, 1)]"
8,C#N,"[(1, 0)]"
9,C=C,"[(2, 2)]"
10,C=N,"[(2, 1)]"
11,C=O,"[(2, 0)]"
12,C=S,"[(2, 0)]"
13,C=[NH2+],"[(2, 2)]"
14,C=[OH+],"[(2, 1)]"
15,C=[SH+],"[(2, 1)]"
16,CBr,"[(3, 0)]"
17,CC,"[(3, 3)]"
18,CCl,"[(3, 0)]"
19,CF,"[(3, 0)]"
20,CI,"[(3, 0)]"
21,CN,"[(3, 2)]"
22,CO,"[(3, 1)]"
23,CP,"[(3, 4)]"
24,CS,"[(3, 1), (3, 3), (3, 5)]"
25,C[NH-],"[(3, 1)]"
26,C[NH3+],"[(3, 3)]"
27,C[O-],"[(3, 0)]"
28,C[OH2+],"[(3, 2)]"
29,C[PH3+],"[(3, 3)]"
30,C[S-],"[(3, 0)]"
31,C[SH2+],"[(3, 2)]"
32,N#[NH+],"[(0, 1)]"
33,N=N,"[(1, 1)]"
34,N=O,"[(1, 0)]"
35,N=P,"[(1, 3)]"
36,N=S,"[(1, 4)]"
37,N=[NH2+],"[(1, 2)]"
38,NBr,"[(2, 0)]"
39,NCl,"[(2, 0)]"
40,NF,"[(2, 0)]"
41,NN,"[(2, 2)]"
42,NO,"[(2, 1)]"
43,NP,"[(2, 4)]"
44,NS,"[(2, 5)]"
45,N[NH3+],"[(2, 3)]"
46,N[O-],"[(2, 0)]"
47,N[PH3+],"[(2, 3)]"
48,O=P,"[(0, 3)]"
49,O=S,"[(0, 2), (0, 4)]"
50,OF,"[(1, 0)]"
51,OO,"[(1, 1)]"
52,OP,"[(1, 4)]"
53,OS,"[(1, 5)]"
54,P=S,"[(3, 0)]"
55,PS,"[(4, 1)]"
56,P[S-],"[(4, 0)]"
57,S=S,"[(4, 0)]"
58,SCl,"[(5, 0)]"
59,SS,"[(1, 5)]"
60,[CH2-]C,"[(2, 3)]"
61,[N-]=[NH2+],"[(0, 2)]"
62,[NH-]N,"[(1, 2)]"
63,[NH-]O,"[(1, 1)]"
64,[NH-]S,"[(1, 5)]"
65,[NH-][NH3+],"[(1, 3)]"
66,[NH2+]=O,"[(2, 0)]"
67,[NH2+]=[NH2+],"[(2, 2)]"
68,[NH3+]O,"[(3, 1)]"
69,[NH3+]S,"[(3, 5)]"
70,[NH3+][O-],"[(3, 0)]"
71,[O-]P,"[(0, 4)]"
72,[O-]S,"[(0, 5)]"
73,C1=CC1,"[(1, 1, 2)]"
74,C1CC1,"[(2, 2, 2)]"
75,C1CN1,"[(2, 2, 1)]"
76,C1CO1,"[(2, 2, 0)]"
77,C1CS1,"[(2, 2, 0)]"
78,C1C[NH2+]1,"[(2, 2, 2)]"
79,C1N=N1,"[(2, 0, 0)]"
80,C1NN1,"[(2, 1, 1)]"
81,C1N[NH2+]1,"[(2, 1, 2)]"
82,C1=CCC1,"[(1, 1, 2, 2)]"
83,C1=CSC1,"[(1, 1, 0, 2)]"
84,C1=NCS1,"[(1, 0, 2, 0)]"
85,C1CCC1,"[(2, 2, 2, 2)]"
86,C1CNC1,"[(2, 2, 1, 2)]"
87,C1COC1,"[(2, 2, 0, 2)]"
88,C1CSC1,"[(2, 2, 0, 2)]"
89,C1CSN1,"[(2, 2, 4, 1)]"
90,C1C[NH2+]C1,"[(2, 2, 2, 2)]"
91,C1NCN1,"[(2, 1, 2, 1)]"
92,C1=CCC=C1,"[(1, 1, 2, 1, 1)]"
93,C1=CCCC1,"[(1, 1, 2, 2, 2)]"
94,C1=CCN=C1,"[(1, 1, 2, 0, 1)]"
95,C1=CCNC1,"[(1, 1, 2, 1, 2)]"
96,C1=CCOC1,"[(1, 1, 2, 0, 2)]"
97,C1=CCSC1,"[(1, 1, 2, 0, 2)]"
98,C1=CC[NH+]=C1,"[(1, 1, 2, 1, 1)]"
99,C1=CC[NH2+]C1,"[(1, 1, 2, 2, 2)]"
100,C1=CC[O+]=C1,"[(1, 1, 2, 0, 1)]"
101,C1=CN=CC1,"[(1, 1, 0, 1, 2)]"
102,C1=CN=NC1,"[(1, 1, 0, 0, 2)]"
103,C1=CN=[NH+]C1,"[(1, 1, 0, 1, 2)]"
104,C1=CNCC1,"[(1, 1, 1, 2, 2)]"
105,C1=CNCN1,"[(1, 1, 1, 2, 1)]"
106,C1=CNNC1,"[(1, 1, 1, 1, 2)]"
107,C1=CNNN1,"[(1, 1, 1, 1, 1)]"
108,C1=CNOC1,"[(1, 1, 1, 0, 2)]"
109,C1=COC=C1,"[(1, 1, 0, 1, 1)]"
110,C1=COC=N1,"[(1, 1, 0, 1, 0)]"
111,C1=COCC1,"[(1, 1, 0, 2, 2)]"
112,C1=COCN1,"[(1, 1, 0, 2, 1)]"
113,C1=COCO1,"[(1, 1, 0, 2, 0)]"
114,C1=COC[NH2+]1,"[(1, 1, 0, 2, 2)]"
115,C1=CON=C1,"[(1, 1, 0, 0, 1)]"
116,C1=CON=[NH+]1,"[(1, 1, 0, 0, 1)]"
117,C1=CONC1,"[(1, 1, 0, 1, 2)]"
118,C1=CSC=C1,"[(1, 1, 0, 1, 1)]"
119,C1=CSC=N1,"[(1, 1, 0, 1, 0)]"
120,C1=CSC=[NH+]1,"[(1, 1, 0, 1, 1)]"
121,C1=CSCC1,"[(1, 1, 4, 2, 2), (1, 1, 0, 2, 2)]"
122,C1=CSCN1,"[(1, 1, 0, 2, 1)]"
123,C1=CSCO1,"[(1, 1, 0, 2, 0)]"
124,C1=CSCS1,"[(1, 1, 0, 2, 0)]"
125,C1=CSC[N-]1,"[(1, 1, 0, 2, 0)]"
126,C1=CSN=C1,"[(1, 1, 0, 0, 1)]"
127,C1=CSN=N1,"[(1, 1, 0, 0, 0)]"
128,C1=CSNC1,"[(1, 1, 4, 1, 2)]"
129,C1=CSOC1,"[(1, 1, 2, 0, 2)]"
130,C1=CSSC1,"[(1, 1, 0, 2, 2)]"
131,C1=CS[NH+]=C1,"[(1, 1, 0, 1, 1)]"
132,C1=C[N-]C=C1,"[(1, 1, 0, 1, 1)]"
133,C1=C[N-]C=N1,"[(1, 1, 0, 1, 0)]"
134,C1=C[N-]CC1,"[(1, 1, 0, 2, 2)]"
135,C1=C[N-]N=C1,"[(1, 1, 0, 0, 1)]"
136,C1=C[NH+]=C[NH]1,"[(1, 1, 1, 1, 1)]"
137,C1=C[NH+]=NC1,"[(1, 1, 1, 0, 2)]"
138,C1=C[NH+]=N[NH]1,"[(1, 1, 1, 0, 1)]"
139,C1=C[NH2+]CC1,"[(1, 1, 2, 2, 2)]"
140,C1=C[NH2+]NC1,"[(1, 1, 2, 1, 2)]"
141,C1=C[NH]C=C1,"[(1, 1, 1, 1, 1)]"
142,C1=C[NH]C=N1,"[(1, 1, 1, 1, 0)]"
143,C1=C[NH]N=C1,"[(1, 1, 1, 0, 1)]"
144,C1=C[NH]N=N1,"[(1, 1, 1, 0, 0)]"
145,C1=C[NH][NH+]=C1,"[(1, 1, 1, 1, 1)]"
146,C1=C[S+]=CS1,"[(1, 1, 0, 1, 0)]"
147,C1=NC=NC1,"[(1, 0, 1, 0, 2)]"
148,C1=NC=[NH+]C1,"[(1, 0, 1, 1, 2)]"
149,C1=NCC=[NH+]1,"[(1, 0, 2, 1, 1)]"
150,C1=NCCC1,"[(1, 0, 2, 2, 2)]"
151,C1=NCCN1,"[(1, 0, 2, 2, 1)]"
152,C1=NCCO1,"[(1, 0, 2, 2, 0)]"
153,C1=NCCP1,"[(1, 0, 2, 2, 3)]"
154,C1=NCCS1,"[(1, 0, 2, 2, 0)]"
155,C1=NCC[N-]1,"[(1, 0, 2, 2, 0)]"
156,C1=NCC[NH2+]1,"[(1, 0, 2, 2, 2)]"
157,C1=NCN=C1,"[(1, 0, 2, 0, 1)]"
158,C1=NCN=N1,"[(1, 0, 2, 0, 0)]"
159,C1=NCNC1,"[(1, 0, 2, 1, 2)]"
160,C1=NCNN1,"[(1, 0, 2, 1, 1)]"
161,C1=NCNS1,"[(1, 0, 2, 1, 0)]"
162,C1=NCN[N-]1,"[(1, 0, 2, 1, 0)]"
163,C1=NCOC1,"[(1, 0, 2, 0, 2)]"
164,C1=NCSC1,"[(1, 0, 2, 0, 2)]"
165,C1=NCSN1,"[(1, 0, 2, 0, 1)]"
166,C1=NCSS1,"[(1, 0, 2, 0, 0)]"
167,C1=NC[NH+]=C1,"[(1, 0, 2, 1, 1)]"
168,C1=NC[NH2+]C1,"[(1, 0, 2, 2, 2)]"
169,C1=NN=CC1,"[(1, 0, 0, 1, 2)]"
170,C1=NN=CO1,"[(1, 0, 0, 1, 0)]"
171,C1=NN=CS1,"[(1, 0, 0, 1, 0)]"
172,C1=NN=C[N-]1,"[(1, 0, 0, 1, 0)]"
173,C1=NN=C[NH]1,"[(1, 0, 0, 1, 1)]"
174,C1=NN=NC1,"[(1, 0, 0, 0, 2)]"
175,C1=NN=N[N-]1,"[(1, 0, 0, 0, 0)]"
176,C1=NN=N[NH]1,"[(1, 0, 0, 0, 1)]"
177,C1=NNCC1,"[(1, 0, 1, 2, 2)]"
178,C1=NNCN1,"[(1, 0, 1, 2, 1)]"
179,C1=NNCO1,"[(1, 0, 1, 2, 0)]"
180,C1=NNCS1,"[(1, 0, 1, 2, 0)]"
181,C1=NNC[N-]1,"[(1, 0, 1, 2, 0)]"
182,C1=NNNN1,"[(1, 0, 1, 1, 1)]"
183,C1=NNPC1,"[(1, 0, 1, 3, 2)]"
184,C1=NNSC1,"[(1, 0, 1, 0, 2)]"
185,C1=NN[N-]N1,"[(1, 0, 1, 0, 1)]"
186,C1=NOC=N1,"[(1, 0, 0, 1, 0)]"
187,C1=NOCC1,"[(1, 0, 0, 2, 2)]"
188,C1=NOCN1,"[(1, 0, 0, 2, 1)]"
189,C1=NOC[N-]1,"[(1, 0, 0, 2, 0)]"
190,C1=NON=C1,"[(1, 0, 0, 0, 1)]"
191,C1=NO[NH+]=C1,"[(1, 0, 0, 1, 1)]"
192,C1=NSC=N1,"[(1, 0, 0, 1, 0)]"
193,C1=NSCC1,"[(1, 0, 4, 2, 2)]"
194,C1=NSCN1,"[(1, 0, 0, 2, 1)]"
195,C1=NSN=C1,"[(1, 0, 0, 0, 1)]"
196,C1=NSSC1,"[(1, 0, 0, 0, 2)]"
197,C1=N[N-]C=N1,"[(1, 0, 0, 1, 0)]"
198,C1=N[N-]N=C1,"[(1, 0, 0, 0, 1)]"
199,C1=N[N-]N=N1,"[(1, 0, 0, 0, 0)]"
200,C1=N[NH+]=CC1,"[(1, 0, 1, 1, 2)]"
201,C1=N[NH]C=N1,"[(1, 0, 1, 1, 0)]"
202,C1=N[NH]C=[NH+]1,"[(1, 0, 1, 1, 1)]"
203,C1=N[NH]N=C1,"[(1, 0, 1, 0, 1)]"
204,C1=N[NH]N=N1,"[(1, 0, 1, 0, 0)]"
205,C1=N[NH][NH+]=C1,"[(1, 0, 1, 1, 1)]"
206,C1=[NH+]CCC1,"[(1, 1, 2, 2, 2)]"
207,C1=[NH+]CCN1,"[(1, 1, 2, 2, 1)]"
208,C1=[NH+]CCO1,"[(1, 1, 2, 2, 0)]"
209,C1=[NH+]CCS1,"[(1, 1, 2, 2, 0)]"
210,C1=[NH+]CN=N1,"[(1, 1, 2, 0, 0)]"
211,C1=[NH+]CNC1,"[(1, 1, 2, 1, 2)]"
212,C1=[NH+]CNN1,"[(1, 1, 2, 1, 1)]"
213,C1=[NH+]CNS1,"[(1, 1, 2, 1, 0)]"
214,C1=[NH+]CON1,"[(1, 1, 2, 0, 1)]"
215,C1=[NH+]CSC1,"[(1, 1, 2, 0, 2)]"
216,C1=[NH+]C[NH+]=C1,"[(1, 1, 2, 1, 1)]"
217,C1=[NH+]NCC1,"[(1, 1, 1, 2, 2)]"
218,C1=[NH+]NCN1,"[(1, 1, 1, 2, 1)]"
219,C1CCCC1,"[(2, 2, 2, 2, 2)]"
220,C1CCNC1,"[(2, 2, 2, 1, 2)]"
221,C1CCOC1,"[(2, 2, 2, 0, 2)]"
222,C1CCSC1,"[(2, 2, 2, 4, 2), (2, 2, 2, 0, 2)]"
223,C1CC[N-]C1,"[(2, 2, 2, 0, 2)]"
224,C1CC[NH2+]C1,"[(2, 2, 2, 2, 2)]"
225,C1CC[SH+]C1,"[(2, 2, 2, 1, 2)]"
226,C1CN=NC1,"[(2, 2, 0, 0, 2)]"
227,C1CN=[NH+]C1,"[(2, 2, 0, 1, 2)]"
228,C1CNCN1,"[(2, 2, 1, 2, 1)]"
229,C1CNN=N1,"[(2, 2, 1, 0, 0)]"
230,C1CNNC1,"[(2, 2, 1, 1, 2)]"
231,C1CNOC1,"[(2, 2, 1, 0, 2)]"
232,C1CNPC1,"[(2, 2, 1, 3, 2)]"
233,C1CNSC1,"[(2, 2, 1, 4, 2)]"
234,C1CNSN1,"[(2, 2, 1, 0, 1)]"
235,C1CN[NH2+]C1,"[(2, 2, 1, 2, 2)]"
236,C1CN[NH2+]N1,"[(2, 2, 1, 2, 1)]"
237,C1COCN1,"[(2, 2, 0, 2, 1)]"
238,C1COCO1,"[(2, 2, 0, 2, 0)]"
239,C1COC[N-]1,"[(2, 2, 0, 2, 0)]"
240,C1COC[NH2+]1,"[(2, 2, 0, 2, 2)]"
241,C1COPN1,"[(2, 2, 0, 3, 1)]"
242,C1COPO1,"[(2, 2, 0, 3, 0)]"
243,C1COSC1,"[(2, 2, 0, 2, 2)]"
244,C1COSO1,"[(2, 2, 0, 2, 0)]"
245,C1CSCN1,"[(2, 2, 0, 2, 1)]"
246,C1CSCO1,"[(2, 2, 0, 2, 0)]"
247,C1CSCS1,"[(2, 2, 0, 2, 0)]"
248,C1CSC[N-]1,"[(2, 2, 0, 2, 0)]"
249,C1CSC[NH2+]1,"[(2, 2, 0, 2, 2)]"
250,C1CSN=N1,"[(2, 2, 0, 0, 0)]"
251,C1CSNN1,"[(2, 2, 0, 1, 1)]"
252,C1CSNS1,"[(2, 2, 4, 1, 4)]"
253,C1CSSC1,"[(2, 2, 0, 0, 2)]"
254,C1C[N-]NC1,"[(2, 2, 0, 1, 2)]"
255,C1C[NH2+]CN1,"[(2, 2, 2, 2, 1)]"
256,C1C[NH2+]C[NH2+]1,"[(2, 2, 2, 2, 2)]"
257,C1C[NH2+]SN1,"[(2, 2, 2, 4, 1)]"
258,C1N=NCN1,"[(2, 0, 0, 2, 1)]"
259,C1N=NCO1,"[(2, 0, 0, 2, 0)]"
260,C1N=NCS1,"[(2, 0, 0, 2, 0)]"
261,C1N=NN=N1,"[(2, 0, 0, 0, 0)]"
262,C1N=NNN1,"[(2, 0, 0, 1, 1)]"
263,C1N=NN[NH2+]1,"[(2, 0, 0, 1, 2)]"
264,C1N=[NH+]CN1,"[(2, 0, 1, 2, 1)]"
265,C1N=[NH+]CO1,"[(2, 0, 1, 2, 0)]"
266,C1N=[NH+]CS1,"[(2, 0, 1, 2, 0)]"
267,C1NCNN1,"[(2, 1, 2, 1, 1)]"
268,C1NCON1,"[(2, 1, 2, 0, 1)]"
269,C1NCSS1,"[(2, 1, 2, 0, 0)]"
270,C1NN=NN1,"[(2, 1, 0, 0, 1)]"
271,C1NN=NS1,"[(2, 1, 0, 0, 0)]"
272,C1NNCO1,"[(2, 1, 1, 2, 0)]"
273,C1NNCS1,"[(2, 1, 1, 2, 0)]"
274,C1NNC[NH2+]1,"[(2, 1, 1, 2, 2)]"
275,C1NNN=[NH+]1,"[(2, 1, 1, 0, 1)]"
276,C1NN[NH2+]N1,"[(2, 1, 1, 2, 1)]"
277,C1NOSN1,"[(2, 1, 0, 2, 1)]"
278,C1=CC=CC=C1,"[(1, 1, 1, 1, 1, 1)]"
279,C1=CC=NC=C1,"[(1, 1, 1, 0, 1, 1)]"
280,C1=CC=NN=C1,"[(1, 1, 1, 0, 0, 1)]"
281,C1=CC=[NH+]C=C1,"[(1, 1, 1, 1, 1, 1)]"
282,C1=CC=[NH+]N=C1,"[(1, 1, 1, 1, 0, 1)]"
283,C1=CC=[O+]C=C1,"[(1, 1, 1, 0, 1, 1)]"
284,C1=CCC=CC1,"[(1, 1, 2, 1, 1, 2)]"
285,C1=CCCC=C1,"[(1, 1, 2, 2, 1, 1)]"
286,C1=CCCCC1,"[(1, 1, 2, 2, 2, 2)]"
287,C1=CCCN=C1,"[(1, 1, 2, 2, 0, 1)]"
288,C1=CCC[NH+]=C1,"[(1, 1, 2, 2, 1, 1)]"
289,C1=CCN=CC1,"[(1, 1, 2, 0, 1, 2)]"
290,C1=CCNC=C1,"[(1, 1, 2, 1, 1, 1)]"
291,C1=CCNCC1,"[(1, 1, 2, 1, 2, 2)]"
292,C1=CCNN=C1,"[(1, 1, 2, 1, 0, 1)]"
293,C1=CCNNC1,"[(1, 1, 2, 1, 1, 2)]"
294,C1=CCOC=C1,"[(1, 1, 2, 0, 1, 1)]"
295,C1=CCOCC1,"[(1, 1, 2, 0, 2, 2)]"
296,C1=CCSC=C1,"[(1, 1, 2, 0, 1, 1)]"
297,C1=CCSCC1,"[(1, 1, 2, 0, 2, 2)]"
298,C1=CC[NH2+]C=C1,"[(1, 1, 2, 2, 1, 1)]"
299,C1=CC[NH2+]CC1,"[(1, 1, 2, 2, 2, 2)]"
300,C1=CN=CC=N1,"[(1, 1, 0, 1, 1, 0)]"
301,C1=CN=CCC1,"[(1, 1, 0, 1, 2, 2)]"
302,C1=CN=CN=C1,"[(1, 1, 0, 1, 0, 1)]"
303,C1=CN=CNC1,"[(1, 1, 0, 1, 1, 2)]"
304,C1=CN=COC1,"[(1, 1, 0, 1, 0, 2)]"
305,C1=CN=CSC1,"[(1, 1, 0, 1, 0, 2)]"
306,C1=CN=C[N-]C1,"[(1, 1, 0, 1, 0, 2)]"
307,C1=CN=C[NH+]=C1,"[(1, 1, 0, 1, 1, 1)]"
308,C1=CN=C[NH2+]C1,"[(1, 1, 0, 1, 2, 2)]"
309,C1=CN=NC=C1,"[(1, 1, 0, 0, 1, 1)]"
310,C1=CN=NC=N1,"[(1, 1, 0, 0, 1, 0)]"
311,C1=CN=NCC1,"[(1, 1, 0, 0, 2, 2)]"
312,C1=CN=NN=C1,"[(1, 1, 0, 0, 0, 1)]"
313,C1=CN=NNC1,"[(1, 1, 0, 0, 1, 2)]"
314,C1=CN=P[NH+]=C1,"[(1, 1, 0, 2, 1, 1)]"
315,C1=CN=[NH+]C=C1,"[(1, 1, 0, 1, 1, 1)]"
316,C1=CN=[SH]CC1,"[(1, 1, 0, 3, 2, 2)]"
317,C1=CNC=CC1,"[(1, 1, 1, 1, 1, 2)]"
318,C1=CNC=NC1,"[(1, 1, 1, 1, 0, 2)]"
319,C1=CNC=[NH+]C1,"[(1, 1, 1, 1, 1, 2)]"
320,C1=CNCC=N1,"[(1, 1, 1, 2, 1, 0)]"
321,C1=CNCCC1,"[(1, 1, 1, 2, 2, 2)]"
322,C1=CNCCN1,"[(1, 1, 1, 2, 2, 1)]"
323,C1=CNCN=C1,"[(1, 1, 1, 2, 0, 1)]"
324,C1=CNCN=N1,"[(1, 1, 1, 2, 0, 0)]"
325,C1=CNCNC1,"[(1, 1, 1, 2, 1, 2)]"
326,C1=CNCOC1,"[(1, 1, 1, 2, 0, 2)]"
327,C1=CNCSC1,"[(1, 1, 1, 2, 0, 2)]"
328,C1=CNC[NH+]=C1,"[(1, 1, 1, 2, 1, 1)]"
329,C1=CNC[NH2+]C1,"[(1, 1, 1, 2, 2, 2)]"
330,C1=CNN=CC1,"[(1, 1, 1, 0, 1, 2)]"
331,C1=CNN=CN1,"[(1, 1, 1, 0, 1, 1)]"
332,C1=CNNCC1,"[(1, 1, 1, 1, 2, 2)]"
333,C1=CNNCN1,"[(1, 1, 1, 1, 2, 1)]"
334,C1=CNPC=C1,"[(1, 1, 1, 3, 1, 1)]"
335,C1=CNPN=C1,"[(1, 1, 1, 3, 0, 1)]"
336,C1=CNSCC1,"[(1, 1, 1, 4, 2, 2)]"
337,C1=CNSN=C1,"[(1, 1, 1, 4, 0, 1)]"
338,C1=CNSNC1,"[(1, 1, 1, 2, 1, 2)]"
339,C1=COC=CC1,"[(1, 1, 0, 1, 1, 2)]"
340,C1=COC=NC1,"[(1, 1, 0, 1, 0, 2)]"
341,C1=COCCC1,"[(1, 1, 0, 2, 2, 2)]"
342,C1=COCCN1,"[(1, 1, 0, 2, 2, 1)]"
343,C1=COCCO1,"[(1, 1, 0, 2, 2, 0)]"
344,C1=COCNC1,"[(1, 1, 0, 2, 1, 2)]"
345,C1=COCOC1,"[(1, 1, 0, 2, 0, 2)]"
346,C1=COC[NH2+]C1,"[(1, 1, 0, 2, 2, 2)]"
347,C1=CPNC=N1,"[(1, 1, 3, 1, 1, 0)]"
348,C1=CSC=CC1,"[(1, 1, 0, 1, 1, 2)]"
349,C1=CSC=CS1,"[(1, 1, 0, 1, 1, 0)]"
350,C1=CSC=NC1,"[(1, 1, 0, 1, 0, 2)]"
351,C1=CSC=[NH+]C1,"[(1, 1, 0, 1, 1, 2)]"
352,C1=CSCC=N1,"[(1, 1, 0, 2, 1, 0)]"
353,C1=CSCC=[NH+]1,"[(1, 1, 0, 2, 1, 1)]"
354,C1=CSCCC1,"[(1, 1, 0, 2, 2, 2)]"
355,C1=CSCCN1,"[(1, 1, 4, 2, 2, 1)]"
356,C1=CSCCO1,"[(1, 1, 4, 2, 2, 0)]"
357,C1=CSCNC1,"[(1, 1, 0, 2, 1, 2)]"
358,C1=CSCNN1,"[(1, 1, 0, 2, 1, 1)]"
359,C1=CSN=CN1,"[(1, 1, 4, 0, 1, 1)]"
360,C1=CSNCC1,"[(1, 1, 4, 1, 2, 2)]"
361,C1=CSNCN1,"[(1, 1, 4, 1, 2, 1)]"
362,C1=C[N-]CCC1,"[(1, 1, 0, 2, 2, 2)]"
363,C1=C[N-]CN=C1,"[(1, 1, 0, 2, 0, 1)]"
364,C1=C[NH+]=CC=N1,"[(1, 1, 1, 1, 1, 0)]"
365,C1=C[NH+]=CC=[NH+]1,"[(1, 1, 1, 1, 1, 1)]"
366,C1=C[NH+]=CCC1,"[(1, 1, 1, 1, 2, 2)]"
367,C1=C[NH+]=CCN1,"[(1, 1, 1, 1, 2, 1)]"
368,C1=C[NH+]=CN=C1,"[(1, 1, 1, 1, 0, 1)]"
369,C1=C[NH+]=CNC1,"[(1, 1, 1, 1, 1, 2)]"
370,C1=C[NH+]=COC1,"[(1, 1, 1, 1, 0, 2)]"
371,C1=C[NH+]=NC=N1,"[(1, 1, 1, 0, 1, 0)]"
372,C1=C[NH2+]C=CC1,"[(1, 1, 2, 1, 1, 2)]"
373,C1=C[NH2+]CCC1,"[(1, 1, 2, 2, 2, 2)]"
374,C1=C[NH2+]CCN1,"[(1, 1, 2, 2, 2, 1)]"
375,C1=C[NH2+]CN=C1,"[(1, 1, 2, 2, 0, 1)]"
376,C1=NC=NC=N1,"[(1, 0, 1, 0, 1, 0)]"
377,C1=NC=NCC1,"[(1, 0, 1, 0, 2, 2)]"
378,C1=NC=NCN1,"[(1, 0, 1, 0, 2, 1)]"
379,C1=NC=NN=C1,"[(1, 0, 1, 0, 0, 1)]"
380,C1=NC=NNC1,"[(1, 0, 1, 0, 1, 2)]"
381,C1=NC=N[NH+]=C1,"[(1, 0, 1, 0, 1, 1)]"
382,C1=NC=[NH+]C=N1,"[(1, 0, 1, 1, 1, 0)]"
383,C1=NC=[NH+]CC1,"[(1, 0, 1, 1, 2, 2)]"
384,C1=NC=[NH+]CN1,"[(1, 0, 1, 1, 2, 1)]"
385,C1=NC=[O+]C=N1,"[(1, 0, 1, 0, 1, 0)]"
386,C1=NCC=NN1,"[(1, 0, 2, 1, 0, 1)]"
387,C1=NCC=[NH+]C1,"[(1, 0, 2, 1, 1, 2)]"
388,C1=NCCC=[NH+]1,"[(1, 0, 2, 2, 1, 1)]"
389,C1=NCCCC1,"[(1, 0, 2, 2, 2, 2)]"
390,C1=NCCCN1,"[(1, 0, 2, 2, 2, 1)]"
391,C1=NCCCO1,"[(1, 0, 2, 2, 2, 0)]"
392,C1=NCCCS1,"[(1, 0, 2, 2, 2, 0)]"
393,C1=NCCC[N-]1,"[(1, 0, 2, 2, 2, 0)]"
394,C1=NCCC[NH2+]1,"[(1, 0, 2, 2, 2, 2)]"
395,C1=NCCN=C1,"[(1, 0, 2, 2, 0, 1)]"
396,C1=NCCN=N1,"[(1, 0, 2, 2, 0, 0)]"
397,C1=NCCN=[NH+]1,"[(1, 0, 2, 2, 0, 1)]"
398,C1=NCCNC1,"[(1, 0, 2, 2, 1, 2)]"
399,C1=NCCNN1,"[(1, 0, 2, 2, 1, 1)]"
400,C1=NCCOC1,"[(1, 0, 2, 2, 0, 2)]"
401,C1=NCCSC1,"[(1, 0, 2, 2, 0, 2)]"
402,C1=NCCSN1,"[(1, 0, 2, 2, 4, 1)]"
403,C1=NCC[NH+]=C1,"[(1, 0, 2, 2, 1, 1)]"
404,C1=NCC[O+]=C1,"[(1, 0, 2, 2, 0, 1)]"
405,C1=NCN=CC1,"[(1, 0, 2, 0, 1, 2)]"
406,C1=NCN=CO1,"[(1, 0, 2, 0, 1, 0)]"
407,C1=NCN=C[NH2+]1,"[(1, 0, 2, 0, 1, 2)]"
408,C1=NCNC=[NH+]1,"[(1, 0, 2, 1, 1, 1)]"
409,C1=NCNCC1,"[(1, 0, 2, 1, 2, 2)]"
410,C1=NCNCN1,"[(1, 0, 2, 1, 2, 1)]"
411,C1=NCNN=C1,"[(1, 0, 2, 1, 0, 1)]"
412,C1=NCNPN1,"[(1, 0, 2, 1, 3, 1)]"
413,C1=NCOCS1,"[(1, 0, 2, 0, 2, 0)]"
414,C1=NCSCC1,"[(1, 0, 2, 0, 2, 2)]"
415,C1=NC[NH2+]CC1,"[(1, 0, 2, 2, 2, 2)]"
416,C1=NC[NH2+]CN1,"[(1, 0, 2, 2, 2, 1)]"
417,C1=NN=CCC1,"[(1, 0, 0, 1, 2, 2)]"
418,C1=NN=CN=N1,"[(1, 0, 0, 1, 0, 0)]"
419,C1=NN=CNC1,"[(1, 0, 0, 1, 1, 2)]"
420,C1=NN=COC1,"[(1, 0, 0, 1, 0, 2)]"
421,C1=NN=CSC1,"[(1, 0, 0, 1, 0, 2)]"
422,C1=NNCCC1,"[(1, 0, 1, 2, 2, 2)]"
423,C1=NNCCN1,"[(1, 0, 1, 2, 2, 1)]"
424,C1=NNCCP1,"[(1, 0, 1, 2, 2, 3)]"
425,C1=NNCCS1,"[(1, 0, 1, 2, 2, 0)]"
426,C1=NNCN=N1,"[(1, 0, 1, 2, 0, 0)]"
427,C1=NNCNC1,"[(1, 0, 1, 2, 1, 2)]"
428,C1=NNCNN1,"[(1, 0, 1, 2, 1, 1)]"
429,C1=NNCSC1,"[(1, 0, 1, 2, 0, 2)]"
430,C1=NNC[NH2+]C1,"[(1, 0, 1, 2, 2, 2)]"
431,C1=NNSCC1,"[(1, 0, 1, 4, 2, 2)]"
432,C1=NOCCN1,"[(1, 0, 0, 2, 2, 1)]"
433,C1=NSCCN1,"[(1, 0, 4, 2, 2, 1)]"
434,C1=NSCC[N-]1,"[(1, 0, 4, 2, 2, 0)]"
435,C1=NSN=CC1,"[(1, 0, 0, 0, 1, 2)]"
436,C1=N[NH+]=CCC1,"[(1, 0, 1, 1, 2, 2)]"
437,C1=N[NH+]=CNC1,"[(1, 0, 1, 1, 1, 2)]"
438,C1=N[NH+]=CSC1,"[(1, 0, 1, 1, 0, 2)]"
439,C1=[NH+]C=[NH+]CC1,"[(1, 1, 1, 1, 2, 2)]"
440,C1=[NH+]CCCC1,"[(1, 1, 2, 2, 2, 2)]"
441,C1=[NH+]CCCN1,"[(1, 1, 2, 2, 2, 1)]"
442,C1=[NH+]CCCO1,"[(1, 1, 2, 2, 2, 0)]"
443,C1=[NH+]CCCS1,"[(1, 1, 2, 2, 2, 0)]"
444,C1=[NH+]CCN=N1,"[(1, 1, 2, 2, 0, 0)]"
445,C1=[NH+]CCNC1,"[(1, 1, 2, 2, 1, 2)]"
446,C1=[NH+]CC[NH+]=C1,"[(1, 1, 2, 2, 1, 1)]"
447,C1=[NH+]CNCC1,"[(1, 1, 2, 1, 2, 2)]"
448,C1=[NH+]CNCN1,"[(1, 1, 2, 1, 2, 1)]"
449,C1=[NH+]NCCN1,"[(1, 1, 1, 2, 2, 1)]"
450,C1CCCCC1,"[(2, 2, 2, 2, 2, 2)]"
451,C1CCNCC1,"[(2, 2, 2, 1, 2, 2)]"
452,C1CCNNC1,"[(2, 2, 2, 1, 1, 2)]"
453,C1CCOCC1,"[(2, 2, 2, 0, 2, 2)]"
454,C1CCONC1,"[(2, 2, 2, 0, 1, 2)]"
455,C1CCSCC1,"[(2, 2, 2, 0, 2, 2)]"
456,C1CCSNC1,"[(2, 2, 2, 4, 1, 2)]"
457,C1CC[NH+]=NC1,"[(2, 2, 2, 1, 0, 2)]"
458,C1CC[NH2+]CC1,"[(2, 2, 2, 2, 2, 2)]"
459,C1CC[NH2+]NC1,"[(2, 2, 2, 2, 1, 2)]"
460,C1CN=NNC1,"[(2, 2, 0, 0, 1, 2)]"
461,C1CNCCN1,"[(2, 2, 1, 2, 2, 1)]"
462,C1CNCC[N-]1,"[(2, 2, 1, 2, 2, 0)]"
463,C1CNCN=N1,"[(2, 2, 1, 2, 0, 0)]"
464,C1CNCNC1,"[(2, 2, 1, 2, 1, 2)]"
465,C1CNCOC1,"[(2, 2, 1, 2, 0, 2)]"
466,C1CNCSC1,"[(2, 2, 1, 2, 0, 2)]"
467,C1CNC[NH2+]C1,"[(2, 2, 1, 2, 2, 2)]"
468,C1CNNCN1,"[(2, 2, 1, 1, 2, 1)]"
469,C1CNPOC1,"[(2, 2, 1, 3, 0, 2)]"
470,C1CNSNC1,"[(2, 2, 1, 4, 1, 2)]"
471,C1CNS[NH2+]C1,"[(2, 2, 1, 4, 2, 2)]"
472,C1COCCN1,"[(2, 2, 0, 2, 2, 1)]"
473,C1COCCO1,"[(2, 2, 0, 2, 2, 0)]"
474,C1COCC[NH2+]1,"[(2, 2, 0, 2, 2, 2)]"
475,C1COCNN1,"[(2, 2, 0, 2, 1, 1)]"
476,C1COCOC1,"[(2, 2, 0, 2, 0, 2)]"
477,C1COCON1,"[(2, 2, 0, 2, 0, 1)]"
478,C1COCSN1,"[(2, 2, 0, 2, 4, 1)]"
479,C1COPOC1,"[(2, 2, 0, 3, 0, 2)]"
480,C1CSCCN1,"[(2, 2, 0, 2, 2, 1), (2, 2, 2, 2, 2, 1)]"
481,C1CSCCO1,"[(2, 2, 0, 2, 2, 0)]"
482,C1CSCCS1,"[(2, 2, 0, 2, 2, 0)]"
483,C1CSCC[NH2+]1,"[(2, 2, 0, 2, 2, 2)]"
484,C1CSCNN1,"[(2, 2, 0, 2, 1, 1)]"
485,C1CSCSC1,"[(2, 2, 0, 2, 0, 2)]"
486,C1CSNCN1,"[(2, 2, 4, 1, 2, 1)]"
487,C1CS[N-]CN1,"[(2, 2, 4, 0, 2, 1)]"
488,C1C[NH+]=NCN1,"[(2, 2, 1, 0, 2, 1)]"
489,C1C[NH2+]CCN1,"[(2, 2, 2, 2, 2, 1)]"
490,C1C[NH2+]CC[NH2+]1,"[(2, 2, 2, 2, 2, 2)]"
491,C1C[NH2+]COC1,"[(2, 2, 2, 2, 0, 2)]"
492,C1C[NH2+]CSC1,"[(2, 2, 2, 2, 0, 2)]"
493,C1NCNCN1,"[(2, 1, 2, 1, 2, 1)]"
494,C1NCOCN1,"[(2, 1, 2, 0, 2, 1)]"
495,C1NCSCN1,"[(2, 1, 2, 0, 2, 1)]"
496,C1NCSC[NH2+]1,"[(2, 1, 2, 0, 2, 2)]"
497,C1NC[NH2+]CN1,"[(2, 1, 2, 2, 2, 1)]"
498,C1NNCNN1,"[(2, 1, 1, 2, 1, 1)]"
499,C1NOCNO1,"[(2, 1, 0, 2, 1, 0)]"
500,C1SCSCS1,"[(2, 0, 2, 0, 2, 0)]"
501,C1=CC=CCC=C1,"[(1, 1, 1, 1, 2, 1, 1)]"
502,C1=CC=COC=C1,"[(1, 1, 1, 1, 0, 1, 1)]"
503,C1=CCCC=CC1,"[(1, 1, 2, 2, 1, 1, 2)]"
504,C1=CCCCC=C1,"[(1, 1, 2, 2, 2, 1, 1)]"
505,C1=CCCCCC1,"[(1, 1, 2, 2, 2, 2, 2)]"
506,C1=CCCNC=C1,"[(1, 1, 2, 2, 1, 1, 1)]"
507,C1=CCCNCC1,"[(1, 1, 2, 2, 1, 2, 2)]"
508,C1=CCCOC=C1,"[(1, 1, 2, 2, 0, 1, 1)]"
509,C1=CCCOCC1,"[(1, 1, 2, 2, 0, 2, 2)]"
510,C1=CCCSCC1,"[(1, 1, 2, 2, 0, 2, 2)]"
511,C1=CCC[NH2+]CC1,"[(1, 1, 2, 2, 2, 2, 2)]"
512,C1=CCNCC=C1,"[(1, 1, 2, 1, 2, 1, 1)]"
513,C1=CCNCCC1,"[(1, 1, 2, 1, 2, 2, 2)]"
514,C1=CCNCNC1,"[(1, 1, 2, 1, 2, 1, 2)]"
515,C1=CCOCCC1,"[(1, 1, 2, 0, 2, 2, 2)]"
516,C1=CC[NH2+]CCC1,"[(1, 1, 2, 2, 2, 2, 2)]"
517,C1=CN=CCSC1,"[(1, 1, 0, 1, 2, 0, 2)]"
518,C1=CNC=CNC1,"[(1, 1, 1, 1, 1, 1, 2)]"
519,C1=CNCCCC1,"[(1, 1, 1, 2, 2, 2, 2)]"
520,C1=CNCCCN1,"[(1, 1, 1, 2, 2, 2, 1)]"
521,C1=CNCCN=C1,"[(1, 1, 1, 2, 2, 0, 1)]"
522,C1=CNCCNC1,"[(1, 1, 1, 2, 2, 1, 2)]"
523,C1=CNCCSC1,"[(1, 1, 1, 2, 2, 0, 2)]"
524,C1=CNCC[NH+]=C1,"[(1, 1, 1, 2, 2, 1, 1)]"
525,C1=CNCC[NH2+]C1,"[(1, 1, 1, 2, 2, 2, 2)]"
526,C1=CNCN=CC1,"[(1, 1, 1, 2, 0, 1, 2)]"
527,C1=CNCNN=C1,"[(1, 1, 1, 2, 1, 0, 1)]"
528,C1=CNN=C[NH+]=C1,"[(1, 1, 1, 0, 1, 1, 1)]"
529,C1=COCCCC1,"[(1, 1, 0, 2, 2, 2, 2)]"
530,C1=COCCCO1,"[(1, 1, 0, 2, 2, 2, 0)]"
531,C1=COCCN=C1,"[(1, 1, 0, 2, 2, 0, 1)]"
532,C1=COCCNC1,"[(1, 1, 0, 2, 2, 1, 2)]"
533,C1=COCCOC1,"[(1, 1, 0, 2, 2, 0, 2)]"
534,C1=COCC[NH2+]C1,"[(1, 1, 0, 2, 2, 2, 2)]"
535,C1=CSCCNC1,"[(1, 1, 0, 2, 2, 1, 2)]"
536,C1=C[NH2+]CCCN1,"[(1, 1, 2, 2, 2, 2, 1)]"
537,C1=C[NH2+]CCN=C1,"[(1, 1, 2, 2, 2, 0, 1)]"
538,C1=NC=NCCC1,"[(1, 0, 1, 0, 2, 2, 2)]"
539,C1=NCCC=NN1,"[(1, 0, 2, 2, 1, 0, 1)]"
540,C1=NCCCCC1,"[(1, 0, 2, 2, 2, 2, 2)]"
541,C1=NCCCCN1,"[(1, 0, 2, 2, 2, 2, 1)]"
542,C1=NCCCCO1,"[(1, 0, 2, 2, 2, 2, 0)]"
543,C1=NCCCC[NH2+]1,"[(1, 0, 2, 2, 2, 2, 2)]"
544,C1=NCCCNC1,"[(1, 0, 2, 2, 2, 1, 2)]"
545,C1=NCCCSC1,"[(1, 0, 2, 2, 2, 0, 2)]"
546,C1=NCCN=CC1,"[(1, 0, 2, 2, 0, 1, 2)]"
547,C1=NCCNCC1,"[(1, 0, 2, 2, 1, 2, 2)]"
548,C1=NCCOCC1,"[(1, 0, 2, 2, 0, 2, 2)]"
549,C1=NCCSCC1,"[(1, 0, 2, 2, 0, 2, 2)]"
550,C1=NNCCCN1,"[(1, 0, 1, 2, 2, 2, 1)]"
551,C1=NNCCCO1,"[(1, 0, 1, 2, 2, 2, 0)]"
552,C1=NNCNCC1,"[(1, 0, 1, 2, 1, 2, 2)]"
553,C1=NNCSCC1,"[(1, 0, 1, 2, 0, 2, 2)]"
554,C1=[NH+]CCCCC1,"[(1, 1, 2, 2, 2, 2, 2)]"
555,C1=[NH+]CCCCN1,"[(1, 1, 2, 2, 2, 2, 1)]"
556,C1=[NH+]CCC[NH2+]C1,"[(1, 1, 2, 2, 2, 2, 2)]"
557,C1=[NH+]CCNCC1,"[(1, 1, 2, 2, 1, 2, 2)]"
558,C1=[NH+]CCSC[CH-]1,"[(1, 1, 2, 2, 0, 2, 1)]"
559,C1CCCCCC1,"[(2, 2, 2, 2, 2, 2, 2)]"
560,C1CCCNCC1,"[(2, 2, 2, 2, 1, 2, 2)]"
561,C1CCCOCC1,"[(2, 2, 2, 2, 0, 2, 2)]"
562,C1CCCSCC1,"[(2, 2, 2, 2, 0, 2, 2)]"
563,C1CCC[NH2+]CC1,"[(2, 2, 2, 2, 2, 2, 2)]"
564,C1CCNCNC1,"[(2, 2, 2, 1, 2, 1, 2)]"
565,C1CCN[NH2+]CC1,"[(2, 2, 2, 1, 2, 2, 2)]"
566,C1CCN[PH2+]NC1,"[(2, 2, 2, 1, 2, 1, 2)]"
567,C1CCOCNC1,"[(2, 2, 2, 0, 2, 1, 2)]"
568,C1CCOCOC1,"[(2, 2, 2, 0, 2, 0, 2)]"
569,C1CCSC[NH2+]C1,"[(2, 2, 2, 0, 2, 2, 2)]"
570,C1CNCCNC1,"[(2, 2, 1, 2, 2, 1, 2)]"
571,C1CNCCOC1,"[(2, 2, 1, 2, 2, 0, 2)]"
572,C1CNCCSC1,"[(2, 2, 1, 2, 2, 0, 2)]"
573,C1CNCC[NH2+]C1,"[(2, 2, 1, 2, 2, 2, 2)]"
574,C1CNNCCN1,"[(2, 2, 1, 1, 2, 2, 1)]"
575,C1CNNCNN1,"[(2, 2, 1, 1, 2, 1, 1)]"
576,C1CNSCCN1,"[(2, 2, 1, 4, 2, 2, 1)]"
577,C1COCCOC1,"[(2, 2, 0, 2, 2, 0, 2)]"
578,C1COCCSC1,"[(2, 2, 0, 2, 2, 0, 2)]"
579,C1COCPCO1,"[(2, 2, 0, 2, 3, 2, 0)]"
580,C1CSCCSC1,"[(2, 2, 0, 2, 2, 0, 2)]"
581,C1C[NH2+]CCNN1,"[(2, 2, 2, 2, 2, 1, 1)]"
582,C1C[NH2+]CCOC1,"[(2, 2, 2, 2, 2, 0, 2)]"
583,C1C[NH2+]CCSC1,"[(2, 2, 2, 2, 2, 0, 2)]"
584,C1C[NH2+]CC[NH2+]C1,"[(2, 2, 2, 2, 2, 2, 2)]"
585,C1=CC2C=CC1C2,"[(1, 1, 1, 1, 1, 1, 2)]"
586,C1=CC2CC1CN2,"[(1, 1, 1, 2, 1, 2, 1)]"
587,C1=CC2CC1CS2,"[(1, 1, 1, 2, 1, 2, 0)]"
588,C1=CC2CC1NN2,"[(1, 1, 1, 2, 1, 1, 1)]"
589,C1=CC2CCC1C2,"[(1, 1, 1, 2, 2, 1, 2)]"
590,C1=CC2CCC1O2,"[(1, 1, 1, 2, 2, 1, 0)]"
591,C1CC2CC1CN2,"[(2, 2, 1, 2, 1, 2, 1)]"
592,C1CC2CC1CO2,"[(2, 2, 1, 2, 1, 2, 0)]"
593,C1CC2CC1C[NH2+]2,"[(2, 2, 1, 2, 1, 2, 2)]"
594,C1CC2CCC1C2,"[(2, 2, 1, 2, 2, 1, 2)]"
595,C1CC2CCC1N2,"[(2, 2, 1, 2, 2, 1, 1)]"
596,C1CC2CCC1O2,"[(2, 2, 1, 2, 2, 1, 0)]"
597,C1CC2CCC1[NH2+]2,"[(2, 2, 1, 2, 2, 1, 2)]"
598,C1CC2NCC1S2,"[(2, 2, 1, 1, 2, 1, 0)]"
599,C1NC2CNC1C2,"[(2, 1, 1, 2, 1, 1, 2)]"
600,C1OC2CNC1C2,"[(2, 0, 1, 2, 1, 1, 2)]"
601,C1[NH2+]C2CNC1C2,"[(2, 2, 1, 2, 1, 1, 2)]"
602,C1CC2CC1C2,"[(2, 2, 1, 2, 1, 2)]"
603,C1=CC2CC(C1)C2,"[(1, 1, 1, 2, 1, 2, 2)]"
604,C1CC2CC(C1)C2,"[(2, 2, 1, 2, 1, 2, 2)]"
